nguyen	21118
thi	12470
le	9652
hoang	7966
ngoc	7836
anh	6591
minh	5573
pham	5119
thanh	4698
huynh	4422
dang	4284
dinh	4168
bui	4105
do	3739
ha	3474
phuong	3467
tran	3382
duong	3345
hong	3255
duc	3121
kim	2896
phan	2774
mai	2733
linh	2662
my	2430
duy	2349
ho	2301
ngo	2244
doan	2241
bao	2209
khanh	2066
thuy	1998
lam	1965
dao	1898
huy	1824
hai	1750
ly	1694
hung	1639
cong	1628
cao	1625
huu	1606
nhu	1574
quang	1564
huong	1537
luong	1459
an	1440
dung	1409
chi	1375
thao	1350
kieu	1342
chau	1303
thu	1280
nhi	1263
hoa	1257
nhat	1249
quynh	1240
gia	1229
huyen	1213
hieu	1201
giang	1195
quoc	1192
hien	1185
luu	1161
bich	1118
hoai	1115
ngan	1094
phung	1087
nam	1033
lan	1029
van	937
thai	932
binh	928
long	924
dat	897
truong	895
chu	832
cuong	830
cam	825
dieu	819
manh	797
phuc	796
hang	784
ba	773
hanh	739
thien	734
dong	729
tien	724
hao	712
diem	692
nhan	681
tan	681
trinh	661
duyen	647
son	637
phu	618
han	616
ta	590
tam	583
bach	583
hue	582
nga	572
diep	565
khoa	560
quyen	533
dai	527
phuoc	506
phong	500
nghia	492
khang	485
loc	482
quan	476
lai	475
phi	469
loan	457
dam	455
nie	453
nong	451
quach	438
hau	437
kien	436
nhung	431
nguyet	416
tuan	415
hiep	409
the	407
tu	389
la	385
dan	366
danh	366
thang	363
chung	361
tai	361
ai	357
oanh	353
khoi	352
phat	349
lien	348
khac	344
sang	332
ky	328
khai	326
chinh	323
trang	320
ma	318
du	318
to	316
kha	315
hoan	314
quy	313
tuong	311
trung	305
chien	304
hua	291
luan	278
trong	269
toan	261
man	260
nha	254
trieu	254
bang	251
mong	247
dac	246
loi	245
eban	245
luc	244
kiet	243
nu	240
nghiem	236
thinh	235
nghi	233
vu	232
khuong	230
truc	224
khuat	224
thuan	222
ninh	221
tram	221
lieu	216
nhut	215
lu	215
can	213
dien	212
vo	208
thuong	206
tang	194
bya	192
thuc	189
canh	183
be	183
mlo	181
chuong	179
que	178
tri	171
thach	165
tinh	162
lo	162
huan	161
uyen	160
ban	159
thong	159
tuyet	158
viet	158
ayun	156
tham	153
tung	145
cat	144
chan	142
sy	142
chanh	141
cuc	137
mi	137
tuyen	136
tin	131
dau	130
tho	129
than	128
au	124
bac	121
suong	119
boi	117
thy	116
lang	112
khiem	110
tra	107
bien	106
tong	106
buu	105
lap	105
luyen	104
quyet	101
lanh	100
giao	100
si	99
sam	99
vinh	97
sinh	94
qui	94
khue	91
liem	91
hop	90
vi	88
giau	84
nhien	84
doanh	82
tat	81
cu	79
hy	78
ton	77
di	77
chuc	77
mac	77
chieu	76
khuyen	76
khong	76
hoi	75
adrong	74
tieu	74
na	74
da	73
vy	73
co	73
cham	71
buon	71
bkrong	71
song	69
thieu	69
kbuor	68
giap	67
ngoan	64
em	63
knul	63
banh	62
chuyen	62
mau	62
ca	61
thoai	61
duoc	60
hoc	59
cung	59
lac	59
mo	58
men	55
de	55
nang	55
that	54
ni	54
khuu	54
che	53
don	52
may	52
khuc	51
kiem	50
enuol	50
su	49
ksor	49
nho	48
sung	48
san	48
nham	47
sa	47
kinh	46
chang	45
mao	44
luat	43
vuong	43
khiet	43
nghiep	42
sen	41
tao	41
nuong	40
diu	39
doi	39
bo	38
hmok	37
ngu	36
gam	35
muoi	35
duan	35
thoi	35
thoa	34
hwing	34
kdam	34
lich	33
hinh	33
mach	33
tay	32
nhon	32
lieng	32
ong	32
ny	30
mung	30
on	30
ktla	30
ben	29
lua	29
mui	29
chiem	28
sao	28
cai	27
bay	27
hoanh	27
phap	27
tiep	27
pho	27
ke	26
duyet	25
len	25
ngat	24
nhuong	24
nay	24
krong	23
ngon	23
ich	23
hon	23
lau	23
bong	22
ty	22
cau	21
thiet	21
gioi	21
thuyen	21
them	20
no	20
bon	20
pha	20
mien	20
lao	20
seo	20
kpa	20
ro	20
oai	19
so	19
toi	19
nhuan	19
cap	19
bdap	19
pang	19
hlong	19
nguy	19
li	18
niem	18
sau	18
khau	18
ka	18
hdok	18
gai	17
bau	17
ut	17
hoat	17
uy	17
xuan	17
mua	17
uong	17
moc	17
sai	17
thom	16
chuan	16
nien	16
sanh	16
tue	16
thuat	16
nghe	16
kdoh	16
lin	16
dep	16
cang	15
me	15
luy	15
cuu	15
hot	15
khieu	15
sieu	15
ket	14
din	14
thiem	14
tha	14
phoi	14
leng	14
nhieu	13
nhai	13
noi	13
soan	13
vien	13
chin	13
ung	13
lenh	13
den	13
bi	12
nen	12
dua	12
chon	12
hap	12
bin	12
thuyet	12
kham	12
cha	11
thiep	11
chong	11
bieu	11
lim	11
truyen	11
tanh	11
dap	11
gian	11
hen	11
theu	10
moi	10
con	10
sac	10
day	10
dak	10
arul	10
liu	10
he	10
giai	10
trien	10
khe	9
mon	9
sim	9
nhanh	9
bun	9
dich	9
cac	9
tuoi	9
hac	9
lung	9
bat	9
ham	9
muon	9
lynh	9
mang	9
alio	9
kpor	9
ngai	9
kong	9
toai	9
khen	9
khan	9
phang	9
triet	9
khoe	8
khoan	8
nhac	8
chiu	8
phien	8
trac	8
doai	8
hra	8
hi	8
ri	8
krieng	8
kman	8
sruk	8
kuan	8
vang	8
but	8
thua	8
tiet	8
chat	7
det	7
nhiem	7
thoang	7
phai	7
te	7
cho	7
bot	7
tot	7
diet	7
tich	7
dim	7
due	7
en	7
hoac	7
luk	7
dok	7
ne	7
ra	7
ding	7
min	7
khon	7
cua	7
thon	7
rin	7
leo	7
leu	7
thac	7
thich	7
tru	7
lon	6
ngoi	6
chen	6
tac	6
in	6
cil	6
ngot	6
gip	6
kon	6
ecam	6
ghi	6
hoe	6
nh	6
suu	6
tap	6
lay	6
kam	6
luom	6
lee	6
chap	6
trai	6
ktul	5
chay	5
senh	5
phay	5
boc	5
bua	5
nguon	5
phon	5
hay	5
luon	5
phao	5
chenh	5
chieng	5
thin	5
choi	5
deo	5
diec	5
hat	5
gieng	5
gin	5
buoi	5
rcam	5
hdrue	5
dy	5
teh	5
lia	5
apuot	5
quoi	5
teo	5
thoan	5
nhang	5
nim	5
siu	5
tsan	5
rim	4
ang	4
ao	4
sua	4
khu	4
eng	4
nghien	4
nui	4
bai	4
sep	4
tuc	4
tuy	4
heng	4
phe	4
cun	4
nhinh	4
kiu	4
am	4
giam	4
net	4
guong	4
goi	4
bil	4
del	4
dem	4
duen	4
ga	4
jin	4
ju	4
juan	4
mdrang	4
mun	4
sum	4
phieu	4
huang	4
ko	4
chia	4
kin	4
at	4
nhin	4
mieu	4
ngac	4
thuoc	4
sin	4
quat	4
thap	4
quanh	4
ti	4
pen	4
vong	4
xa	4
ndu	4
sun	3
cach	3
hiem	3
nghin	3
xanh	3
pi	3
suc	3
cay	3
khoat	3
rac	3
re	3
vui	3
muu	3
chua	3
bieng	3
bion	3
eung	3
duom	3
brit	3
hun	3
je	3
liep	3
lip	3
ken	3
sia	3
bam	3
beo	3
bia	3
lem	3
sieng	3
moan	3
buoc	3
nin	3
mok	3
rya	3
muc	3
bung	3
thieng	3
qua	3
dia	3
hu	3
khoang	3
bol	3
nhuyen	3
mot	3
rong	3
thau	3
khao	3
then	3
ghen	3
phin	3
ron	3
se	3
tau	3
tenh	3
set	3
jrang	3
niekdam	3
ja	3
jem	3
ting	3
suin	3
thuel	3
truk	3
ya	3
nhay	2
pu	2
khuy	2
khuyn	2
noan	2
ru	2
nganh	2
duon	2
inh	2
khot	2
tiem	2
soi	2
suat	2
chac	2
chao	2
cheng	2
nhip	2
nghinh	2
tro	2
alen	2
go	2
ria	2
nung	2
dip	2
rieu	2
khuynh	2
khien	2
kia	2
ry	2
gan	2
dah	2
fa	2
ching	2
pao	2
gua	2
khoai	2
gien	2
drue	2
bera	2
bhen	2
bip	2
bit	2
blim	2
blin	2
bu	2
cel	2
chel	2
adat	2
cieu	2
der	2
dik	2
djin	2
djuan	2
bhok	2
drim	2
duin	2
duyn	2
gau	2
get	2
goa	2
gu	2
hieng	2
im	2
jan	2
jo	2
jun	2
kheo	2
drao	2
lina	2
luyt	2
meo	2
mila	2
miu	2
mri	2
nguan	2
nguet	2
jri	2
kjie	2
mjao	2
pri	2
pe	2
bim	2
blo	2
dar	2
doen	2
dri	2
duo	2
dup	2
el	2
eo	2
gue	2
guen	2
hiu	2
joi	2
juel	2
juin	2
drong	2
mak	2
nao	2
nel	2
ngam	2
nis	2
rai	2
bto	2
nuol	2
rcom	2
hach	2
hia	2
ng	2
ril	2
tren	2
huyet	2
saly	2
thay	2
sor	2
kao	2
uan	2
eun	2
thuk	2
khi	2
soat	2
khuon	2
xinh	2
diana	2
tieng	2
lop	2
phiet	2
giac	2
triu	2
hyun	2
nhe	2
nuoc	2
lui	2
hin	2
trach	2
tuu	2
aly	2
mu	2
ayua	2
khinh	2
ngung	2
nguuyen	2
fu	2
dara	2
mary	2
nhuc	2
pil	2
hiet	2
nhun	2
phet	2
luynh	2
gon	2
doat	2
soai	2
sot	2
troi	2
truoc	2
theo	2
phun	2
rah	2
mah	2
ronik	2
khin	2
liang	2
liet	2
tchen	2
phol	2
jam	2
nut	2
ray	2
thoong	2
nuoi	2
nai	2
uoc	2
phich	2
nua	2
say	2
dieng	2
ve	2
wang	2
won	2
top	2
kop	2
bom	2
bron	2
gun	2
dun	2
tor	2
sur	2
nom	2
jamin	2
bjrang	2
thio	2
ntor	2
niel	2
oan	2
triek	2
ran	2
sel	2
sion	2
tit	2
tuyn	2
win	2
wuong	2
arun	1
ntrual	1
ahmad	1
pin	1
valerie	1
aydob	1
aysah	1
tuoc	1
bnuoch	1
bubakar	1
khim	1
rat	1
tre	1
uom	1
96	1
caothi	1
chaneyarbane	1
hsiang	1
meng	1
hasir	1
chheang	1
chou	1
hsiung	1
chuang	1
cody	1
jackson	1
cut	1
brice	1
guot	1
daichi	1
nhim	1
lily	1
dech	1
bet	1
bou	1
nguynh	1
kenh	1
muan	1
nhiet	1
henh	1
nhy	1
hich	1
tseng	1
ngun	1
tuat	1
doduc	1
bireer	1
soni	1
duu	1
fan	1
fati	1
featherstone	1
jack	1
francis	1
plau	1
gion	1
giuong	1
girih	1
gosain	1
ravi	1
alei	1
bru	1
chuhy	1
djuen	1
kieng	1
dola	1
alech	1
aron	1
biak	1
bic	1
bih	1
blak	1
blem	1
blep	1
bliak	1
bloan	1
blon	1
bluon	1
boan	1
bop	1
bor	1
bren	1
breny	1
bret	1
brin	1
cen	1
deng	1
dier	1
djuah	1
djuic	1
djuin	1
dlan	1
doa	1
drai	1
dream	1
drum	1
duien	1
emilie	1
es	1
estes	1
gen	1
gim	1
gloai	1
gok	1
hoam	1
hoch	1
hui	1
ien	1
jer	1
jit	1
joach	1
joar	1
juyn	1
kac	1
kala	1
katherin	1
kep	1
klim	1
kluc	1
koh	1
lany	1
mla	1
kdue	1
liza	1
luet	1
lum	1
lysa	1
mari	1
milka	1
mir	1
misi	1
mlam	1
mol	1
muin	1
mulo	1
nac	1
nera	1
ngiep	1
ngim	1
nhel	1
nhoa	1
nhoan	1
nhuh	1
nan	1
sil	1
siva	1
phra	1
mkang	1
dakcat	1
bja	1
taih	1
djoan	1
lom	1
duah	1
jah	1
june	1
agi	1
andri	1
bak	1
bel	1
bena	1
bep	1
bhan	1
bhenh	1
bhit	1
bier	1
blac	1
blen	1
bleng	1
blia	1
bluen	1
bluin	1
bluk	1
blunh	1
bri	1
buc	1
buel	1
buih	1
chiar	1
choat	1
chuon	1
chuot	1
cuel	1
dala	1
debora	1
debura	1
dian	1
diang	1
dina	1
dir	1
djuat	1
dli	1
dlu	1
doang	1
byang	1
dolin	1
dram	1
druen	1
duer	1
dum	1
elisabets	1
eni	1
et	1
gem	1
gier	1
glat	1
glin	1
goai	1
guain	1
guan	1
guon	1
helibia	1
hieo	1
huien	1
janet	1
jier	1
juk	1
july	1
juon	1
eya	1
kabi	1
kal	1
kamira	1
kayun	1
kem	1
kol	1
kru	1
kuin	1
lari	1
liam	1
lida	1
lion	1
loanh	1
loet	1
luen	1
luin	1
mar	1
mat	1
mil	1
miong	1
mlin	1
babi	1
mron	1
myun	1
ngin	1
ngoat	1
hrue	1
nhen	1
nheo	1
nhiu	1
nhuol	1
noen	1
nia	1
riang	1
rom	1
kiel	1
com	1
toanh	1
nul	1
zin	1
ak	1
bli	1
dorit	1
lic	1
lisa	1
thiec	1
pieng	1
gwendoline	1
cheung	1
far	1
kholisgoh	1
phau	1
phot	1
uc	1
chun	1
tzu	1
huc	1
christophe	1
bup	1
ngay	1
jacky	1
low	1
jennifer	1
arata	1
kee	1
sing	1
quay	1
khuou	1
tae	1
shichi	1
jong	1
kra	1
noba	1
mam	1
huat	1
nhoc	1
xai	1
xia	1
benl	1
lila	1
linl	1
timothy	1
country	1
great	1
chheng	1
decho	1
khar	1
fang	1
loakhajorn	1
nhap	1
rang	1
thuu	1
yen	1
schang	1
da0	1
mnh	1
gio	1
kinam	1
hamzah	1
lachor	1
marona	1
mguyen	1
aziz	1
mad	1
amru	1
adam	1
harofat	1
alinda	1
broch	1
lyca	1
veh	1
chuen	1
ngguyen	1
bech	1
sach	1
rot	1
doc	1
giay	1
daniela	1
chuom	1
gioan	1
ewelina	1
fernandez	1
miccah	1
th	1
nghuyet	1
huot	1
nghy	1
kristin	1
mohamad	1
myn	1
nghenh	1
dzi	1
bouvier	1
dzung	1
by	1
nhue	1
ruc	1
hynh	1
nau	1
ngao	1
phiem	1
niu	1
non	1
phim	1
sien	1
soal	1
edwards	1
ruong	1
jim	1
keo	1
kiep	1
mem	1
riu	1
thia	1
tiu	1
tol	1
vung	1
aminah	1
guy	1
enny	1
hly	1
ieu	1
tem	1
ji	1
oh	1
ok	1
osaki	1
anwar	1
chio	1
christopher	1
ayob	1
dally	1
coi	1
misa	1
ral	1
giu	1
kelly	1
gina	1
nhot	1
duoi	1
phing	1
nuu	1
ruou	1
pur	1
phuy	1
po	1
puih	1
jony	1
mas	1
rec	1
reyes	1
kathy	1
rmah	1
fi	1
lick	1
kuen	1
aybar	1
carmona	1
ki	1
nah	1
hozen	1
phui	1
salaymang	1
keun	1
saphy	1
banam	1
piotr	1
hogo	1
mina	1
gay	1
ming	1
jeong	1
bhatia	1
sison	1
som	1
alex	1
sonny	1
denh	1
sui	1
onl	1
phua	1
takahara	1
koon	1
tchang	1
tchuong	1
teck	1
rinh	1
rogers	1
va	1
onphen	1
bra	1
brai	1
brem	1
dot	1
het	1
klinh	1
neo	1
nhuot	1
peu	1
mit	1
sari	1
soc	1
muop	1
hermanson	1
iris	1
gi	1
kuroda	1
tom	1
tony	1
syn	1
anna	1
duly	1
nhuy	1
duat	1
chiec	1
til	1
ngocthang	1
pascal	1
pon	1
col	1
luot	1
riem	1
cop	1
huyn	1
nghieu	1
quen	1
riep	1
suot	1
trat	1
cuoi	1
trau	1
nhuoc	1
nhoi	1
ngocthien	1
lyn	1
vay	1
tsoi	1
akbar	1
hajireen	1
kummis	1
hassan	1
kip	1
ligia	1
quyt	1
khiao	1
reo	1
rem	1
ven	1
khia	1
biet	1
soa	1
khach	1
crum	1
roi	1
voong	1
nina	1
dzu	1
chuy	1
toa	1
vuu	1
wen	1
changhee	1
tim	1
chai	1
aram	1
kuak	1
mal	1
muen	1
nip	1
pas	1
sonik	1
tach	1
tror	1
wach	1
bec	1
bhot	1
bok	1
boy	1
cep	1
kso	1
ciu	1
cot	1
cuen	1
cuk	1
cum	1
cuor	1
wik	1
dambi	1
davit	1
dawid	1
dhin	1
nar	1
kbin	1
dj	1
har	1
drin	1
druynh	1
duet	1
dui	1
duna	1
knia	1
ero	1
fen	1
fruit	1
gham	1
ghau	1
gir	1
glay	1
goang	1
gol	1
goong	1
goul	1
grat	1
grik	1
gron	1
guel	1
gui	1
hem	1
heni	1
henri	1
her	1
hing	1
huen	1
huon	1
hur	1
mbuon	1
jaly	1
jaran	1
mya	1
jari	1
jean	1
jek	1
jerome	1
jiem	1
jieu	1
jing	1
jio	1
johnny	1
josia	1
judo	1
jul	1
kaben	1
kador	1
kai	1
kaih	1
kaip	1
kaisa	1
kalep	1
kaly	1
kar	1
kat	1
khel	1
khem	1
khewin	1
khiep	1
khing	1
khiu	1
khua	1
khuan	1
klam	1
klep	1
kler	1
klin	1
krec	1
krul	1
ku	1
kung	1
kuong	1
kuyn	1
ling	1
luai	1
ludo	1
luit	1
fata	1
markos	1
mic	1
mich	1
mida	1
mik	1
milo	1
mip	1
muel	1
muser	1
mut	1
nak	1
ner	1
ngap	1
ngenh	1
ngher	1
ngia	1
ngoa	1
nhao	1
nigo	1
nikol	1
noang	1
noel	1
not	1
nue	1
nuen	1
nuk	1
or	1
ora	1
owen	1
pan	1
phel	1
phem	1
phen	1
philimon	1
philip	1
rluk	1
phiol	1
phit	1
phoa	1
piong	1
pol	1
pot	1
prao	1
prem	1
priu	1
pruet	1
trei	1
ram	1
rap	1
reu	1
rgei	1
ric	1
rika	1
ringo	1
robi	1
rova	1
ruin	1
rum	1
rumy	1
runa	1
rung	1
sacty	1
saka	1
samak	1
drea	1
sekin	1
seng	1
siek	1
sier	1
silaih	1
simon	1
soen	1
sol	1
hrah	1
steven	1
sue	1
suel	1
suet	1
suk	1
suoi	1
suon	1
suor	1
niesieng	1
amlo	1
nieksieng	1
thani	1
thip	1
thot	1
ning	1
thun	1
thuo	1
hdrai	1
ksa	1
tlep	1
toang	1
tros	1
ryam	1
tuen	1
tuih	1
tuin	1
tuynh	1
ui	1
uri	1
vansi	1
vit	1
vuih	1
vuot	1
wan	1
wi	1
wim	1
woi	1
wol	1
wuk	1
xem	1
xiam	1
nas	1
aroh	1
jery	1
koni	1
amot	1
mision	1
nguai	1
pam	1
dhar	1
bluh	1
dhiu	1
dic	1
huol	1
nieng	1
saetia	1
pac	1
yu	1
