Name	Freq	Confidence
tran van	6513.0	0.9995395948434622
le van	5835.0	0.9897786218883641
van vu	2945.0	0.9996605566870332
bui van	2271.0	0.9991201055873296
do van	2244.0	1.0
duc tran	2002.0	1.0
hong le	1975.0	1.0
thu tran	1975.0	1.0
dinh van	1949.0	1.0
le tran	1933.0	0.999482936918304
duong van	1931.0	1.0
duc le	1909.0	1.0
ha thu	1858.0	1.0
dang van	1854.0	0.9994609164420485
hung van	1847.0	0.9994588744588745
le thu	1778.0	1.0
truong van	1718.0	1.0
phan van	1709.0	1.0
ngo van	1600.0	1.0
le tuan	1546.0	1.0
tuan van	1491.0	1.0
bao tran	1480.0	1.0
tran tuan	1428.0	1.0
linh tran	1427.0	1.0
tran xuan	1395.0	0.9914469460484836
le xuan	1374.0	1.0
ha van	1337.0	1.0
ha le	1300.0	1.0
my tran	1296.0	0.9907976040054619
duc vu	1293.0	1.0
hong tran	1291.0	1.0
dinh tran	1283.0	1.0
thao tran	1272.0	1.0
van vo	1268.0	1.0
doan van	1252.0	1.0
kim tran	1248.0	1.0
le linh	1245.0	1.0
dinh le	1242.0	1.0
le my	1239.0	1.0
hai van	1183.0	1.0
le thao	1164.0	1.0
hung tran	1143.0	1.0
hien thu	1122.0	1.0
ha tran	1113.0	1.0
hai tran	1104.0	1.0
hung le	1099.0	1.0
hai le	1096.0	1.0
huynh van	1088.0	1.0
kim le	1052.0	1.0
tien tran	1040.0	1.0
tran viet	1038.0	1.0
kim ngan	1036.0	1.0
dinh vu	1034.0	1.0
luong van	1029.0	1.0
tien van	1027.0	1.0
le viet	1027.0	1.0
hai yen	1026.0	1.0
duc van	1025.0	1.0
thang van	1025.0	0.9980525803310614
le vu	1017.0	1.0
dao van	1010.0	1.0
nam van	997.0	1.0
tran vu	985.0	0.9979736575481256
tuan vu	982.0	1.0
thao thu	974.0	1.0
dang tran	968.0	1.0
ho van	961.0	1.0
mai van	956.0	1.0
trinh van	949.0	0.9989473684210526
le tien	936.0	0.9989327641408752
bui duc	926.0	1.0
linh my	896.0	1.0
hong vu	887.0	1.0
mai tran	876.0	1.0
le mai	873.0	0.9988558352402745
thu vu	872.0	0.9988545246277205
bao le	865.0	1.0
hang thu	840.0	1.0
linh vu	823.0	1.0
hung viet	811.0	1.0
nam tran	810.0	1.0
dang hai	804.0	1.0
hong van	771.0	1.0
huynh le	764.0	1.0
truong xuan	763.0	1.0
tu van	759.0	1.0
toan van	756.0	1.0
vu xuan	748.0	0.9986648865153538
hien tran	747.0	0.9973297730307076
cong tran	745.0	1.0
dang le	742.0	1.0
cao van	733.0	0.9838059851749004
do duc	732.0	1.0
long van	727.0	1.0
tran tu	721.0	1.0
hoa le	719.0	1.0
tran yen	715.0	1.0
cong le	712.0	1.0
le truong	705.0	1.0
hai vu	702.0	0.9985775248933144
le tu	699.0	0.9957264957264957
hoa van	690.0	1.0
long tran	688.0	1.0
le nam	688.0	1.0
my tra	687.0	1.0
dong van	685.0	1.0
ha vu	676.0	1.0
do thu	675.0	1.0
dieu linh	672.0	1.0
bui thu	669.0	1.0
duong le	668.0	1.0
hoa tran	664.0	1.0
thien tran	653.0	1.0
do xuan	644.0	1.0
duong tran	643.0	1.0
luu van	642.0	1.0
lam van	641.0	1.0
thai van	639.0	1.0
le son	637.0	0.9984326018808778
tien vu	634.0	1.0
hung vu	633.0	1.0
son tran	628.0	1.0
le trong	621.0	0.9983922829581994
an tran	620.0	1.0
bui xuan	619.0	1.0
chi linh	611.0	0.9983660130718954
tran trong	607.0	0.9983552631578947
hien le	606.0	1.0
huynh tran	601.0	1.0
chi le	598.0	1.0
mai xuan	588.0	1.0
le tan	586.0	1.0
chu van	585.0	1.0
dinh tuan	582.0	1.0
ha my	577.0	1.0
le yen	576.0	1.0
thai tran	576.0	1.0
hien van	568.0	1.0
do hong	565.0	1.0
le trinh	564.0	1.0
linh van	563.0	1.0
dang thu	555.0	1.0
le ngan	553.0	1.0
thao van	553.0	1.0
viet vu	551.0	1.0
chi tran	549.0	0.9981818181818182
le long	549.0	1.0
tran vy	547.0	0.9981751824817519
lam tran	543.0	1.0
an le	542.0	0.998158379373849
duc duong	540.0	1.0
thu van	536.0	1.0
dinh duc	530.0	1.0
cong van	525.0	1.0
dang dinh	523.0	1.0
tung van	518.0	1.0
duc thang	518.0	1.0
hang le	517.0	1.0
tran vinh	516.0	0.9980657640232108
lan tran	514.0	1.0
dinh hung	513.0	1.0
chien van	509.0	1.0
dang vu	509.0	1.0
do tuan	509.0	1.0
tan van	505.0	1.0
quan van	502.0	0.9980119284294234
bui linh	500.0	1.0
tran truong	499.0	1.0
phan thu	498.0	1.0
le tung	497.0	0.9979919678714859
thuan van	492.0	1.0
tam van	489.0	1.0
van vinh	489.0	1.0
bui tuan	489.0	1.0
dang hong	488.0	0.9959183673469387
linh mai	488.0	1.0
van viet	488.0	1.0
truong vu	488.0	1.0
tran tuyet	488.0	0.9979550102249489
do linh	488.0	1.0
dang duc	485.0	1.0
the tran	484.0	0.9979381443298969
duc ngo	484.0	1.0
tuong vy	483.0	1.0
dang xuan	482.0	1.0
hong son	482.0	0.9958677685950413
ha viet	481.0	1.0
le thang	481.0	1.0
le thai	480.0	0.997920997920998
ngan tran	480.0	0.995850622406639
bui hong	479.0	1.0
duong vu	478.0	1.0
le thien	478.0	1.0
le phan	477.0	1.0
huynh kim	476.0	1.0
hai nam	475.0	1.0
hong phan	474.0	0.9978947368421053
thang tran	473.0	0.9978902953586498
le vinh	472.0	0.9978858350951374
long vu	471.0	1.0
dinh duong	471.0	1.0
ba le	471.0	1.0
le vy	465.0	1.0
duc viet	463.0	1.0
thu vo	463.0	1.0
duong hai	462.0	1.0
tam tran	460.0	1.0
dang tuan	458.0	1.0
cong dinh	457.0	1.0
dinh truong	454.0	1.0
an van	448.0	0.9977728285077951
tran tung	447.0	1.0
lam le	445.0	1.0
cam tu	443.0	1.0
van vuong	442.0	1.0
thao vu	441.0	1.0
linh phan	441.0	1.0
le tam	439.0	1.0
tan tran	438.0	0.9977220956719818
bui ha	436.0	1.0
ha hong	436.0	0.9977116704805492
gia tran	436.0	1.0
dinh xuan	433.0	1.0
ta van	432.0	1.0
hang tran	432.0	1.0
ngo xuan	431.0	1.0
duong hong	430.0	1.0
ngo thu	430.0	1.0
dinh thu	429.0	1.0
duc truong	427.0	1.0
bao gia	426.0	1.0
hong vo	426.0	1.0
do tien	426.0	1.0
dinh tien	424.0	1.0
ha phan	421.0	0.9976303317535545
dang linh	420.0	1.0
duc hung	418.0	1.0
ly van	418.0	1.0
mai tuyet	417.0	1.0
trinh xuan	415.0	1.0
lan le	414.0	1.0
bui hai	414.0	1.0
do ha	412.0	0.9951690821256038
dang hung	411.0	1.0
do hung	410.0	0.9975669099756691
do viet	409.0	1.0
quan tran	407.0	1.0
toan tran	407.0	1.0
doan le	407.0	1.0
dao xuan	405.0	1.0
son thai	405.0	1.0
ly tran	404.0	1.0
mai vu	403.0	1.0
ha linh	401.0	1.0
duc phan	400.0	1.0
dinh hai	399.0	1.0
huynh my	399.0	1.0
bui tien	399.0	1.0
nam vu	398.0	1.0
bui viet	394.0	1.0
ha hai	393.0	1.0
do hai	393.0	0.9974619289340102
thien van	392.0	1.0
cong truong	390.0	1.0
thao vy	388.0	1.0
le tuyet	386.0	1.0
dang ha	383.0	1.0
duc tuan	382.0	1.0
huynh thu	382.0	1.0
hung xuan	382.0	1.0
tran trinh	381.0	1.0
dinh hong	380.0	1.0
trong vu	380.0	0.9947643979057592
bui dinh	380.0	1.0
dinh do	380.0	1.0
bui hung	378.0	1.0
sang van	376.0	0.9973474801061007
phan tuan	375.0	1.0
kim vo	375.0	1.0
le quan	374.0	1.0
phan tran	374.0	1.0
tran vo	374.0	1.0
le the	373.0	1.0
do le	371.0	1.0
kien van	370.0	1.0
kieu le	370.0	1.0
son vu	369.0	1.0
kim vu	368.0	1.0
kieu tran	368.0	1.0
duc long	367.0	1.0
bui thao	367.0	1.0
le vo	367.0	1.0
duong tuan	366.0	1.0
bui le	365.0	1.0
my truong	365.0	1.0
trieu van	364.0	0.9972602739726028
dao duc	364.0	1.0
tai van	362.0	1.0
cong vu	362.0	1.0
duong xuan	362.0	1.0
son truong	361.0	1.0
dinh ha	359.0	1.0
le ly	359.0	1.0
chung van	357.0	1.0
my phan	357.0	1.0
duong thu	356.0	1.0
hong truong	355.0	0.9943977591036415
doan tran	355.0	1.0
dinh phan	354.0	1.0
do tran	351.0	1.0
tuong vi	349.0	1.0
chau tran	349.0	1.0
duc huynh	348.0	1.0
thu trinh	347.0	1.0
hong ngo	344.0	1.0
bao van	342.0	1.0
le nga	342.0	1.0
huynh tan	342.0	1.0
to van	338.0	1.0
mai thu	336.0	1.0
dinh viet	336.0	1.0
hong mai	335.0	1.0
the vu	334.0	1.0
dai van	333.0	1.0
duc luong	332.0	1.0
dao hong	332.0	0.991044776119403
duong thai	331.0	1.0
doan thu	331.0	1.0
trong van	331.0	1.0
dinh son	330.0	1.0
hong thu	330.0	1.0
duong linh	330.0	1.0
duc trinh	330.0	1.0
bao chau	329.0	0.996969696969697
bao huynh	329.0	1.0
phan tien	328.0	1.0
tuong van	327.0	1.0
le toan	327.0	1.0
dieu tran	326.0	1.0
do thao	326.0	1.0
ba tran	325.0	1.0
nong van	325.0	1.0
dang kim	323.0	1.0
dinh thang	323.0	1.0
ha ngan	321.0	1.0
phan thao	321.0	1.0
hong thai	320.0	0.9937888198757764
bui kim	320.0	1.0
dao thu	319.0	1.0
hong tham	318.0	1.0
dieu le	318.0	1.0
huynh thao	317.0	1.0
diem tran	317.0	1.0
thu truong	317.0	1.0
dang tien	316.0	1.0
nga tran	316.0	1.0
duc ha	316.0	1.0
dinh nam	315.0	1.0
dinh linh	314.0	1.0
diem le	314.0	1.0
chau le	314.0	1.0
hai long	313.0	0.990506329113924
loi van	313.0	1.0
gia le	312.0	1.0
duc toan	311.0	1.0
dang duong	311.0	1.0
ngo tuan	311.0	1.0
lam vu	310.0	1.0
linh ngo	310.0	1.0
tho van	309.0	0.9967741935483871
kim phan	309.0	0.9967741935483871
ho le	307.0	1.0
hien vu	306.0	1.0
phan xuan	306.0	1.0
cao xuan	305.0	0.9967320261437909
linh vo	305.0	1.0
ho thu	305.0	1.0
kieu van	304.0	1.0
kieu trinh	304.0	1.0
kim thoa	303.0	1.0
dinh trinh	303.0	1.0
tran vi	303.0	0.9934426229508196
duc tien	302.0	1.0
kien tran	302.0	1.0
dang truong	300.0	1.0
lai van	299.0	1.0
tram tran	298.0	1.0
duong tung	297.0	1.0
le tram	297.0	1.0
thong van	296.0	1.0
cam tran	295.0	1.0
linh truong	295.0	1.0
duc trong	293.0	1.0
ha ngo	293.0	1.0
hau van	292.0	0.9965870307167235
duong ha	291.0	1.0
doan duc	289.0	1.0
cam van	288.0	1.0
dang thao	288.0	1.0
van vi	287.0	1.0
hoa mai	286.0	1.0
hao van	286.0	1.0
hai phan	286.0	1.0
kiet tuan	285.0	1.0
dang my	285.0	1.0
gia han	285.0	1.0
ha thai	285.0	1.0
hung the	285.0	1.0
dai tran	285.0	1.0
dang viet	284.0	1.0
dao le	284.0	1.0
ha mai	283.0	1.0
tung vu	283.0	1.0
do nam	283.0	0.9964788732394366
bui mai	283.0	1.0
hung phan	282.0	1.0
ha xuan	280.0	1.0
ho linh	280.0	1.0
my vo	280.0	1.0
the van	279.0	1.0
dinh trong	279.0	1.0
lan vu	279.0	1.0
than van	278.0	1.0
dang mai	278.0	1.0
hong trinh	278.0	1.0
bao vu	278.0	1.0
hoa vu	278.0	1.0
do mai	278.0	1.0
bao phan	276.0	1.0
an truong	276.0	1.0
truong tuan	275.0	1.0
huan van	275.0	1.0
hung tien	273.0	0.9963503649635036
thang vu	271.0	1.0
bui my	271.0	1.0
dang nam	270.0	1.0
hai hong	270.0	0.996309963099631
kim truong	270.0	1.0
hoa xuan	270.0	1.0
chi vu	270.0	1.0
dinh mai	268.0	1.0
duc mai	268.0	1.0
thao vo	268.0	1.0
hue tran	267.0	1.0
bui nam	265.0	1.0
ho xuan	265.0	0.9925093632958801
bui son	265.0	1.0
son tung	264.0	1.0
trinh tuyet	264.0	1.0
tu vu	264.0	0.9962264150943396
dinh long	261.0	1.0
kim lien	261.0	1.0
ho tran	261.0	1.0
duc thien	260.0	1.0
do duong	260.0	1.0
do trong	260.0	1.0
kim yen	259.0	1.0
duc ho	259.0	1.0
chi mai	259.0	0.9961538461538462
thuan tran	259.0	1.0
ngo tien	259.0	1.0
duc hai	258.0	1.0
hung tuan	258.0	1.0
doan linh	257.0	1.0
hao tran	257.0	0.9961240310077519
le tri	256.0	1.0
thai vu	256.0	1.0
mai trinh	255.0	1.0
doan hong	255.0	1.0
phan viet	254.0	1.0
ha truong	254.0	1.0
trinh viet	253.0	1.0
kien le	253.0	1.0
bui cong	253.0	1.0
dang son	252.0	1.0
phan vu	252.0	1.0
tran tri	251.0	0.996031746031746
bui hien	251.0	1.0
tung xuan	250.0	1.0
ho thao	250.0	1.0
bui duong	250.0	1.0
kim ngo	250.0	0.9960159362549801
linh yen	249.0	1.0
bao tram	249.0	0.996
mai thao	248.0	1.0
ngan thu	248.0	1.0
dang thai	246.0	1.0
cong duong	245.0	1.0
duc vo	245.0	1.0
cao tran	245.0	1.0
dang do	244.0	0.991869918699187
hung ngo	244.0	1.0
doan tuan	244.0	1.0
my thao	243.0	1.0
tong van	243.0	1.0
lo van	243.0	0.9959016393442623
kieu my	242.0	1.0
trinh tuan	242.0	1.0
hai truong	241.0	1.0
luan van	240.0	1.0
thien vu	240.0	1.0
ly thao	239.0	1.0
le thuan	239.0	1.0
tuan viet	239.0	1.0
linh thao	238.0	1.0
duong tien	238.0	1.0
duong mai	238.0	1.0
truong viet	237.0	1.0
du van	236.0	1.0
bao dang	236.0	1.0
my ngo	236.0	1.0
dong tran	235.0	1.0
luong tran	235.0	1.0
dang huynh	234.0	1.0
do my	234.0	1.0
ba van	234.0	1.0
dao linh	234.0	1.0
dinh ngo	234.0	1.0
ngo viet	234.0	1.0
duong hung	233.0	1.0
le vi	233.0	1.0
le tuong	233.0	1.0
vo xuan	233.0	1.0
do long	232.0	1.0
hao le	232.0	1.0
duong thao	231.0	1.0
an vu	231.0	1.0
do vu	230.0	1.0
hai xuan	230.0	1.0
bui tran	230.0	1.0
ngo thao	230.0	1.0
do son	230.0	0.9956709956709957
hai ngo	230.0	1.0
dinh hoa	229.0	1.0
chau van	229.0	1.0
cong do	229.0	1.0
ho my	229.0	0.9956521739130435
han le	229.0	1.0
bao dinh	228.0	1.0
le luong	228.0	1.0
dao tuan	228.0	1.0
thu tra	227.0	1.0
dinh thao	227.0	1.0
dinh thai	226.0	1.0
dong le	226.0	0.9955947136563876
ha tuan	226.0	1.0
vu yen	226.0	1.0
tan vo	226.0	1.0
hong linh	225.0	1.0
luong thu	225.0	1.0
doan vu	224.0	1.0
luong xuan	223.0	1.0
hong huynh	223.0	1.0
my tien	223.0	1.0
giap van	223.0	1.0
duc luu	223.0	1.0
kim loan	222.0	1.0
duong viet	222.0	1.0
huynh mai	222.0	1.0
bui tu	222.0	1.0
dang hoa	221.0	1.0
thang viet	221.0	1.0
cao le	221.0	1.0
le ngo	221.0	1.0
dinh tu	220.0	1.0
thang xuan	220.0	0.995475113122172
cong huynh	220.0	0.995475113122172
dai le	219.0	1.0
cong dang	219.0	1.0
tran tran	219.0	0.9909502262443439
the vinh	218.0	1.0
duc tai	218.0	1.0
ho viet	218.0	1.0
phan tu	218.0	0.9954337899543378
le sang	218.0	1.0
mai phan	217.0	1.0
dang long	216.0	1.0
huynh linh	216.0	1.0
bach xuan	216.0	1.0
linh trinh	216.0	1.0
bui hoa	216.0	1.0
phat tan	215.0	1.0
le tai	215.0	1.0
ha trinh	215.0	1.0
huynh tuan	214.0	1.0
bui long	214.0	1.0
doan xuan	214.0	1.0
phan tan	214.0	1.0
loan tran	214.0	1.0
dinh vo	213.0	1.0
cong phan	213.0	1.0
mai truong	213.0	1.0
duc hong	212.0	1.0
an thien	212.0	1.0
son xuan	212.0	1.0
bang van	212.0	1.0
diep van	212.0	1.0
do hien	212.0	1.0
bui dang	211.0	1.0
diem my	211.0	1.0
bao thai	211.0	1.0
bui trong	211.0	0.9952830188679245
bui the	211.0	1.0
van xuan	210.0	1.0
hung trinh	210.0	1.0
cam tien	209.0	1.0
gia linh	209.0	1.0
ha vy	209.0	1.0
trinh tu	209.0	1.0
thao truong	209.0	1.0
do truong	209.0	0.9952380952380953
tran tuong	209.0	1.0
khai van	208.0	1.0
duc xuan	208.0	1.0
cao duc	207.0	1.0
lien tran	207.0	1.0
dinh kim	207.0	1.0
bui vu	207.0	1.0
tai tran	207.0	0.9951923076923077
phan trong	207.0	1.0
hong luong	206.0	1.0
bao truong	206.0	1.0
do hoa	205.0	1.0
hue le	205.0	1.0
sy van	204.0	0.9951219512195122
phan yen	204.0	1.0
ngan phan	204.0	1.0
toan vu	203.0	1.0
duong kim	203.0	0.9950980392156863
trinh vu	203.0	1.0
nga thu	202.0	1.0
tien xuan	202.0	1.0
duong my	202.0	1.0
duong truong	201.0	1.0
be van	201.0	1.0
bui chi	201.0	1.0
linh tuan	200.0	1.0
dang phan	200.0	1.0
hong lam	200.0	0.9950248756218906
my trinh	200.0	1.0
tran vuong	200.0	1.0
hau tran	200.0	1.0
chu duc	200.0	1.0
cong tuan	199.0	1.0
duc nam	199.0	1.0
dinh doan	199.0	1.0
tuan vo	199.0	1.0
bien van	198.0	1.0
dang tu	198.0	1.0
dinh thien	198.0	1.0
my vu	198.0	1.0
bui yen	198.0	1.0
hai ho	198.0	0.99
doan hung	198.0	1.0
do tung	198.0	1.0
le vuong	198.0	1.0
huynh tien	198.0	1.0
dao hai	197.0	1.0
dao tran	197.0	1.0
khang tran	197.0	1.0
le tho	196.0	1.0
tho tran	196.0	1.0
ngo tran	196.0	1.0
cong duc	195.0	1.0
lam truong	195.0	1.0
ha son	195.0	0.9948979591836735
sang tran	195.0	1.0
hang vu	195.0	0.9948979591836735
tien truong	195.0	1.0
bao ngo	195.0	1.0
chi do	194.0	1.0
duc thuan	194.0	1.0
doan hai	194.0	1.0
doan ha	194.0	1.0
doan thao	193.0	1.0
lam xuan	193.0	1.0
dinh tung	193.0	1.0
bao ho	193.0	1.0
le sy	193.0	0.9897435897435898
ngan vu	193.0	0.9948453608247423
luong tuan	192.0	1.0
chien tran	192.0	1.0
dao viet	192.0	1.0
huynh vu	192.0	1.0
do thang	192.0	1.0
chuong van	191.0	1.0
hai son	191.0	1.0
huynh xuan	191.0	0.9947916666666666
dinh my	191.0	1.0
duong phan	191.0	1.0
ho sy	191.0	1.0
chi ha	190.0	0.9895833333333334
bui truong	190.0	1.0
chi van	189.0	1.0
dinh luong	189.0	1.0
doan viet	188.0	1.0
tam vu	188.0	1.0
cao thu	188.0	1.0
le tra	187.0	0.9946808510638298
dang the	187.0	1.0
tri van	187.0	1.0
dao hung	187.0	1.0
hau le	187.0	1.0
huynh yen	187.0	1.0
hai ly	186.0	1.0
hien mai	186.0	1.0
duc vinh	185.0	1.0
huynh vy	185.0	1.0
tan truong	185.0	1.0
quach van	185.0	1.0
bao han	184.0	0.983957219251337
an dang	184.0	1.0
dang hien	184.0	1.0
huynh thien	184.0	1.0
nam phan	184.0	1.0
cao linh	184.0	1.0
do lan	184.0	1.0
hung thai	183.0	1.0
kim thu	183.0	1.0
tan vu	183.0	1.0
le lien	183.0	1.0
bao bui	183.0	1.0
hai trinh	183.0	1.0
ha tien	182.0	1.0
han tran	182.0	0.994535519125683
ba vu	182.0	1.0
dinh hien	182.0	1.0
dinh lam	182.0	1.0
nam truong	182.0	1.0
huynh ngan	182.0	1.0
diep tran	182.0	1.0
hai viet	181.0	1.0
tai tan	181.0	1.0
tien vo	181.0	1.0
dao kim	181.0	0.9945054945054945
nu ton	181.0	1.0
la van	181.0	1.0
bac van	180.0	1.0
dao ha	180.0	1.0
hien phan	180.0	0.994475138121547
ho tuan	180.0	1.0
bach tran	180.0	1.0
dang tung	179.0	1.0
khai tran	179.0	1.0
do tu	179.0	1.0
dinh tan	179.0	1.0
hung vo	179.0	1.0
hung truong	179.0	1.0
bao vo	179.0	1.0
hue kim	178.0	1.0
tuan xuan	178.0	1.0
bao do	178.0	1.0
duc ta	178.0	1.0
bao duong	177.0	1.0
tra tran	177.0	1.0
ha thao	176.0	1.0
hoa kim	176.0	0.9887640449438202
tien viet	176.0	1.0
nam xuan	175.0	1.0
thao trinh	175.0	1.0
dao dinh	175.0	1.0
hong ly	175.0	0.9943181818181818
quan vu	175.0	1.0
bui thang	175.0	1.0
cong doan	174.0	1.0
duc vuong	174.0	1.0
cong trinh	174.0	1.0
cam ly	173.0	1.0
dinh the	173.0	1.0
dinh vuong	173.0	1.0
to tran	173.0	1.0
mai tuan	173.0	1.0
ly mai	172.0	1.0
que tran	172.0	1.0
do the	172.0	1.0
duong ngo	172.0	1.0
ta thu	172.0	1.0
dang vinh	171.0	0.9941860465116279
an do	171.0	1.0
hai linh	171.0	1.0
ha nam	171.0	1.0
do ngan	171.0	1.0
huynh vo	171.0	1.0
hien ngo	171.0	1.0
hue thu	170.0	1.0
dao tien	170.0	1.0
diep le	170.0	1.0
linh luong	170.0	1.0
chi dang	169.0	1.0
duc son	169.0	1.0
dinh vinh	168.0	1.0
hang nga	168.0	1.0
my van	168.0	1.0
dinh toan	168.0	1.0
hong yen	168.0	0.9940828402366864
bui lan	168.0	1.0
bui tung	168.0	1.0
le le	168.0	1.0
lan mai	167.0	1.0
duc lam	167.0	1.0
ha ly	167.0	1.0
luu tuan	167.0	1.0
linh luu	167.0	1.0
bach van	167.0	1.0
kim trinh	167.0	1.0
kim mai	166.0	0.9940119760479041
kieu linh	166.0	1.0
do yen	166.0	1.0
vo yen	166.0	1.0
hoa phan	165.0	1.0
chi cong	165.0	1.0
an dinh	165.0	1.0
hien luong	165.0	1.0
an bui	165.0	1.0
ha vo	165.0	1.0
luong vu	165.0	1.0
bao long	164.0	1.0
cao tuan	164.0	1.0
diep hong	164.0	0.9939393939393939
doan kim	164.0	1.0
ly vu	164.0	1.0
do thai	164.0	1.0
duong tu	164.0	0.9939393939393939
ban van	163.0	1.0
bui ngan	163.0	1.0
huynh phan	163.0	1.0
truong vo	163.0	1.0
dai duong	162.0	1.0
dang thang	162.0	1.0
bui thien	162.0	1.0
dang trinh	162.0	0.9938650306748467
duc hien	162.0	1.0
duc tho	162.0	1.0
ha hung	162.0	1.0
diem kieu	162.0	1.0
duong nam	162.0	1.0
an phan	162.0	1.0
an vo	162.0	1.0
dang lam	161.0	1.0
duong the	161.0	1.0
hoa huynh	161.0	1.0
phan truong	161.0	1.0
chi vo	161.0	1.0
mai vo	161.0	1.0
hoa ngo	161.0	1.0
dang vo	160.0	1.0
phan son	160.0	1.0
dao trong	160.0	1.0
bao lam	160.0	1.0
dao mai	160.0	1.0
ha luong	160.0	1.0
do lam	160.0	1.0
long phan	160.0	1.0
phat tran	160.0	1.0
do tan	159.0	1.0
doan tien	159.0	1.0
doan mai	159.0	1.0
huynh truong	159.0	1.0
hong xuan	158.0	0.9937106918238994
ngo son	158.0	1.0
phan thang	158.0	1.0
chien le	157.0	0.9936708860759493
ma van	157.0	1.0
dong xuan	156.0	0.9873417721518988
gia huynh	156.0	1.0
hong luu	156.0	1.0
long truong	156.0	1.0
le loan	156.0	1.0
mai ngo	156.0	1.0
hien truong	155.0	0.9935897435897436
ha huynh	155.0	1.0
hung trong	154.0	1.0
ky van	154.0	1.0
dang yen	154.0	1.0
dinh quan	154.0	1.0
long viet	154.0	1.0
hai vo	154.0	0.9935483870967742
danh tran	154.0	1.0
le thong	154.0	1.0
ngo tan	154.0	1.0
khang van	153.0	1.0
dao vu	153.0	1.0
huynh tuyet	153.0	1.0
bui thai	153.0	1.0
ngo the	153.0	1.0
vy yen	152.0	1.0
khang le	152.0	1.0
hien thao	152.0	1.0
ngan tuyet	152.0	1.0
bui tan	152.0	1.0
thien vo	152.0	1.0
dang ho	151.0	1.0
tang van	151.0	1.0
lan trinh	151.0	1.0
mai tien	151.0	1.0
ngo tu	151.0	1.0
ha lam	150.0	0.9933774834437086
hong ngan	150.0	1.0
ngan thao	150.0	1.0
trong tuan	150.0	1.0
kien vu	150.0	1.0
cao hung	150.0	1.0
cao tien	150.0	1.0
hai huynh	150.0	1.0
ho tien	150.0	0.9933774834437086
cuc kim	149.0	1.0
can van	149.0	1.0
hoa hong	149.0	1.0
hoa my	149.0	1.0
thu xuan	149.0	1.0
hung mai	149.0	1.0
huynh tu	149.0	1.0
cao hong	149.0	1.0
duc tung	148.0	1.0
hang my	148.0	1.0
linh tu	148.0	1.0
bui vinh	148.0	1.0
cao son	147.0	1.0
ky le	147.0	0.9932432432432432
ngo vu	147.0	1.0
tien trinh	147.0	1.0
ho tan	147.0	1.0
phan the	147.0	1.0
tung viet	146.0	1.0
dan tran	146.0	1.0
kim thien	146.0	1.0
duong hoa	146.0	1.0
thong tran	146.0	1.0
duong son	146.0	1.0
duong huynh	146.0	1.0
dinh lan	145.0	1.0
ha vi	145.0	1.0
dang ngo	145.0	1.0
bao ha	145.0	1.0
do quan	145.0	1.0
do thien	145.0	0.9931506849315068
phan tuyet	145.0	1.0
ly thu	144.0	1.0
hoa thai	144.0	0.993103448275862
hong loan	144.0	1.0
huynh tram	143.0	1.0
the truong	143.0	1.0
ho mai	143.0	1.0
duong trong	143.0	1.0
hung huynh	143.0	1.0
ngo trong	143.0	1.0
hong lien	142.0	1.0
bao linh	142.0	1.0
an huynh	142.0	1.0
thao vi	142.0	1.0
truong vinh	142.0	1.0
hong ta	142.0	1.0
cu van	141.0	1.0
chung le	141.0	1.0
ha kieu	141.0	1.0
ha tu	141.0	1.0
duong trinh	141.0	1.0
luong my	140.0	1.0
dang thien	140.0	1.0
duc thai	140.0	1.0
duong hien	140.0	1.0
nga vu	140.0	1.0
cao viet	140.0	1.0
luu thu	140.0	1.0
trong truong	139.0	1.0
vinh xuan	139.0	1.0
an thai	139.0	1.0
truong tu	139.0	1.0
chi duong	139.0	1.0
kha le	139.0	1.0
vo vy	139.0	1.0
chi ngo	139.0	1.0
hien xuan	138.0	1.0
chau phan	138.0	1.0
kha van	138.0	1.0
vinh vu	138.0	1.0
danh le	138.0	1.0
hai luong	138.0	1.0
chung tran	138.0	1.0
duong tan	138.0	1.0
ngo tung	138.0	1.0
dan le	137.0	1.0
luong the	137.0	1.0
dao my	137.0	1.0
phan trinh	137.0	1.0
bui quan	137.0	1.0
long ngo	137.0	1.0
chien dinh	136.0	1.0
le na	136.0	1.0
van vien	136.0	1.0
lam phan	136.0	1.0
truong yen	136.0	1.0
hien vo	136.0	1.0
duong long	136.0	1.0
chi phan	136.0	1.0
bui lam	136.0	1.0
tuyet vo	136.0	1.0
bay van	135.0	1.0
cao dang	135.0	1.0
duc tan	135.0	1.0
an thu	135.0	1.0
hoa thu	135.0	1.0
sy tran	135.0	1.0
hai luu	135.0	1.0
luu tran	135.0	1.0
nam ngo	135.0	1.0
bao yen	134.0	1.0
duc tri	134.0	1.0
chu linh	134.0	1.0
doan truong	134.0	1.0
do tam	134.0	1.0
cong vo	134.0	0.9925925925925926
trinh truong	134.0	1.0
lam son	133.0	1.0
long xuan	133.0	1.0
chi huynh	133.0	1.0
tiep van	133.0	1.0
bui toan	133.0	1.0
le phat	133.0	1.0
ha lan	133.0	1.0
phan thien	133.0	1.0
dieu vu	133.0	1.0
duong lam	133.0	1.0
doan duong	133.0	1.0
cong ngo	133.0	1.0
thy tran	133.0	0.9925373134328358
bui ly	133.0	1.0
bao ngan	132.0	1.0
dao duong	132.0	1.0
chi lan	132.0	0.9924812030075187
dao thao	132.0	1.0
ai tran	132.0	1.0
tuyet vu	132.0	1.0
bui tam	132.0	1.0
phan tung	132.0	1.0
cong hung	131.0	1.0
dang kieu	131.0	1.0
kieu vu	131.0	1.0
viet xuan	131.0	1.0
doan my	131.0	1.0
doan trong	131.0	1.0
tu vo	131.0	1.0
bui nga	131.0	1.0
hoa truong	131.0	1.0
ngo truong	131.0	1.0
dang ngan	130.0	1.0
dang lan	130.0	1.0
duong ly	130.0	1.0
huynh lam	130.0	1.0
kieu phan	130.0	1.0
hoi van	130.0	1.0
bach le	130.0	1.0
doan nam	130.0	1.0
viet vo	130.0	1.0
luu xuan	130.0	1.0
ngan ngo	130.0	1.0
bui hang	130.0	1.0
dinh luu	129.0	1.0
le loi	129.0	1.0
do hang	129.0	1.0
do nga	129.0	1.0
hoa vo	129.0	1.0
kieu vo	129.0	1.0
hai tuan	128.0	1.0
dinh kien	128.0	1.0
thai xuan	128.0	1.0
cong tien	128.0	1.0
tu tuan	128.0	1.0
phan thai	128.0	1.0
ngan vo	128.0	1.0
ngo yen	128.0	1.0
duc tam	127.0	1.0
hong viet	127.0	1.0
dau van	127.0	1.0
ba do	127.0	1.0
bao trinh	127.0	1.0
le trieu	127.0	1.0
bao doan	127.0	1.0
ba phan	127.0	1.0
luong mai	127.0	1.0
dang tam	126.0	1.0
bao chi	126.0	1.0
cong son	126.0	1.0
cong dao	126.0	1.0
sau van	126.0	1.0
do toan	126.0	1.0
tam vo	126.0	1.0
ngo thang	126.0	1.0
hang phan	126.0	1.0
ba hung	125.0	1.0
luong viet	125.0	1.0
le to	125.0	1.0
cao my	125.0	1.0
phan vy	125.0	0.9920634920634921
ky tran	124.0	1.0
long tuan	124.0	1.0
thieu van	124.0	1.0
trong vo	124.0	1.0
gia vu	124.0	1.0
gia ngo	124.0	0.992
phan tam	124.0	1.0
duc linh	123.0	1.0
luong tien	123.0	1.0
huynh trong	123.0	0.9919354838709677
duc hoa	123.0	1.0
hai tien	123.0	1.0
doan tu	123.0	1.0
nam vo	123.0	1.0
lam ngo	123.0	1.0
dang quan	122.0	1.0
huynh tam	122.0	1.0
nam trinh	122.0	1.0
tan trong	122.0	1.0
hong nga	122.0	1.0
vu vy	122.0	1.0
lam mai	122.0	1.0
lan phan	122.0	1.0
duc quan	121.0	1.0
mai tu	121.0	1.0
son trinh	121.0	1.0
hoa viet	121.0	1.0
cong danh	120.0	1.0
doan long	120.0	1.0
luong thao	120.0	1.0
do kien	120.0	1.0
cao hai	120.0	1.0
huynh trinh	119.0	1.0
dang toan	119.0	1.0
duc tu	119.0	1.0
ly my	119.0	1.0
ty van	119.0	1.0
van yen	119.0	1.0
chau vu	119.0	1.0
bui doan	119.0	1.0
hien huynh	119.0	1.0
ha trong	119.0	1.0
do huynh	119.0	1.0
ai le	119.0	1.0
hua van	119.0	1.0
bui tuyet	119.0	1.0
that ton	119.0	1.0
ba dinh	118.0	1.0
an duc	118.0	1.0
trinh yen	118.0	1.0
ngan truong	118.0	0.9915966386554622
dao tung	118.0	1.0
dong duc	118.0	1.0
do vinh	118.0	0.9915966386554622
cong ha	117.0	1.0
chi dinh	117.0	1.0
huynh long	117.0	1.0
kim my	117.0	0.9915254237288136
thach van	117.0	1.0
gia truong	117.0	1.0
son vo	117.0	0.9915254237288136
huynh thai	117.0	1.0
lan ngo	117.0	1.0
chu tuan	117.0	1.0
dinh huynh	116.0	1.0
dinh ly	116.0	1.0
dinh tam	116.0	1.0
kim thao	116.0	1.0
phan vinh	116.0	0.9914529914529915
nam tien	116.0	1.0
lang van	116.0	1.0
su van	116.0	1.0
duong yen	116.0	1.0
huynh ly	116.0	1.0
loi tran	116.0	1.0
nga phan	116.0	1.0
cao ha	116.0	1.0
ho tu	115.0	1.0
cam hong	115.0	1.0
hop van	115.0	1.0
toan xuan	115.0	1.0
dao son	115.0	1.0
bui dieu	115.0	1.0
cam phan	115.0	1.0
bui vy	115.0	1.0
hue vu	115.0	1.0
dang tan	114.0	1.0
dang ly	114.0	1.0
kieu thu	114.0	1.0
linh viet	114.0	1.0
tu xuan	114.0	1.0
linh ta	114.0	1.0
thai truong	114.0	1.0
dieu hien	113.0	1.0
hong thao	113.0	1.0
mai the	113.0	1.0
thang toan	113.0	1.0
kim luong	113.0	1.0
ho thien	113.0	1.0
tat thang	113.0	1.0
ta xuan	113.0	1.0
ngo tri	113.0	1.0
tram vo	113.0	1.0
ho vu	113.0	1.0
lam vo	113.0	1.0
ngo vinh	113.0	1.0
nam the	112.0	1.0
dan linh	112.0	1.0
dang hang	112.0	1.0
doan trinh	112.0	1.0
duc kien	112.0	1.0
thien truong	112.0	1.0
nam tuan	112.0	1.0
dieu van	112.0	1.0
dinh gia	112.0	1.0
hung luong	112.0	1.0
ngo thien	112.0	1.0
bang tran	112.0	1.0
ha yen	111.0	1.0
chien thang	111.0	1.0
dong vu	111.0	1.0
thai vo	111.0	1.0
ho long	111.0	0.9823008849557522
mac van	111.0	1.0
hong hue	110.0	1.0
diem hong	110.0	1.0
hung son	110.0	1.0
tran trieu	110.0	1.0
diem phan	110.0	1.0
lan truong	110.0	1.0
ngo thai	110.0	1.0
bui kien	110.0	1.0
bui trinh	110.0	1.0
dao nam	109.0	1.0
doan son	109.0	1.0
hai lam	109.0	0.990909090909091
phan tuong	109.0	1.0
mai son	109.0	1.0
trinh vo	109.0	1.0
dang tuyet	108.0	1.0
dinh dong	108.0	1.0
dang trong	108.0	1.0
kha tran	108.0	1.0
duong vo	108.0	1.0
an xuan	108.0	0.9908256880733946
dao truong	108.0	1.0
cong luong	108.0	1.0
chau huynh	108.0	1.0
cam huynh	108.0	1.0
hai mai	108.0	1.0
an ngo	108.0	1.0
kim tien	107.0	1.0
dang nga	107.0	1.0
lap van	107.0	1.0
linh thai	107.0	1.0
dinh ngan	107.0	1.0
do tuyet	107.0	1.0
doan thai	107.0	1.0
duong ho	107.0	1.0
hoa trinh	107.0	1.0
cong hau	106.0	1.0
dao hien	106.0	1.0
lam my	106.0	1.0
dinh hang	106.0	1.0
dinh yen	106.0	1.0
cao thang	105.0	1.0
diep linh	105.0	1.0
hai quan	105.0	1.0
son the	105.0	1.0
dieu ly	105.0	1.0
suong thu	105.0	1.0
diep vu	105.0	1.0
chu thu	105.0	1.0
khai le	105.0	1.0
lu van	105.0	1.0
ho ngan	105.0	0.9905660377358491
cong ho	105.0	1.0
long trinh	105.0	1.0
ho trong	105.0	1.0
ho huynh	105.0	1.0
cao truong	104.0	1.0
dinh thuan	104.0	1.0
thai viet	104.0	1.0
diem trinh	104.0	1.0
thao xuan	104.0	1.0
chi truong	104.0	1.0
man van	104.0	1.0
vuong xuan	104.0	1.0
dinh ho	104.0	1.0
vu vuong	104.0	1.0
van vy	104.0	1.0
phan tram	104.0	1.0
ly truong	104.0	1.0
cam vo	104.0	1.0
huynh ngo	104.0	1.0
dai vu	103.0	1.0
hai trieu	103.0	1.0
hong my	103.0	1.0
phan toan	103.0	1.0
huynh kieu	103.0	1.0
doan the	103.0	1.0
tuong vo	103.0	1.0
lan thu	102.0	1.0
an viet	102.0	1.0
an duong	102.0	1.0
nga tuyet	102.0	1.0
doan phan	102.0	1.0
hien ho	102.0	1.0
le luu	102.0	1.0
son viet	101.0	1.0
cao dinh	101.0	1.0
diem huynh	101.0	1.0
cam ha	101.0	1.0
dien tran	101.0	1.0
sang xuan	101.0	1.0
chu dinh	101.0	1.0
doan hien	101.0	1.0
dinh kieu	101.0	1.0
do trinh	101.0	1.0
do kieu	101.0	1.0
long vo	101.0	1.0
tin tran	101.0	1.0
gia phan	101.0	1.0
bui hue	101.0	1.0
nong thu	101.0	1.0
thu yen	100.0	1.0
lanh van	100.0	1.0
ha long	100.0	1.0
ha hien	100.0	1.0
tri vu	100.0	1.0
hoc van	100.0	1.0
mai viet	100.0	0.9900990099009901
dinh ta	100.0	1.0
dieu do	100.0	1.0
han huynh	100.0	1.0
linh thu	99.0	1.0
huynh viet	99.0	1.0
ha luu	99.0	1.0
luan tran	99.0	1.0
lan vo	99.0	1.0
chien xuan	99.0	1.0
duong gia	99.0	1.0
mai yen	99.0	1.0
dieu phan	99.0	1.0
do vy	99.0	1.0
chau kim	99.0	1.0
truong vy	99.0	1.0
ta tuan	99.0	1.0
bao thien	98.0	1.0
dang dao	98.0	1.0
ba dang	98.0	1.0
ba duong	98.0	1.0
chau my	98.0	1.0
kim long	98.0	0.98989898989899
thach thao	98.0	1.0
cam linh	98.0	1.0
le tham	98.0	1.0
tuyet van	98.0	1.0
linh to	98.0	1.0
linh xuan	98.0	1.0
le luan	98.0	1.0
linh ly	98.0	1.0
bui kieu	98.0	1.0
chi doan	98.0	1.0
bang le	98.0	1.0
kim luu	98.0	1.0
cong thang	97.0	1.0
nga ngo	97.0	1.0
dao long	97.0	1.0
hong tuyet	97.0	1.0
do phan	97.0	1.0
duong kieu	97.0	1.0
luong son	97.0	1.0
mai my	97.0	1.0
mai tram	96.0	1.0
chau hong	96.0	0.9896907216494846
kieu mai	96.0	1.0
cuc thu	96.0	1.0
ngan van	96.0	1.0
ut van	96.0	1.0
bach duong	96.0	1.0
duc lai	96.0	1.0
bui gia	96.0	1.0
ho hoa	96.0	0.9896907216494846
hang vo	96.0	1.0
cat tuong	95.0	1.0
hung vuong	95.0	1.0
hue van	95.0	1.0
hang kim	95.0	1.0
du tran	95.0	1.0
tin van	95.0	1.0
luu ly	95.0	1.0
lam trinh	95.0	1.0
ho ly	95.0	1.0
do ly	95.0	1.0
duong thang	95.0	1.0
ha vuong	95.0	1.0
doan hoa	95.0	1.0
luu tien	95.0	1.0
chau vo	95.0	1.0
cao vu	95.0	1.0
ho truong	95.0	1.0
ba huynh	95.0	1.0
hung ta	95.0	1.0
tuan vuong	95.0	1.0
thai trinh	95.0	1.0
ly phan	94.0	0.9894736842105263
thuan vu	94.0	1.0
dang kien	94.0	1.0
dang tram	94.0	1.0
dang vy	94.0	1.0
chau ha	94.0	1.0
hung tan	94.0	0.9894736842105263
dieu my	94.0	1.0
duong lan	94.0	1.0
lam thu	94.0	1.0
chu ha	94.0	1.0
cao thien	93.0	1.0
dieu ha	93.0	1.0
luu vu	93.0	1.0
dao lan	93.0	1.0
ha thien	93.0	1.0
lam viet	93.0	1.0
doan yen	93.0	1.0
ngo trinh	93.0	1.0
huynh vinh	93.0	0.9893617021276596
luc tran	93.0	1.0
chu viet	93.0	1.0
ngo tuyet	93.0	1.0
dai vo	92.0	1.0
dinh hao	92.0	1.0
lam tuan	92.0	0.989247311827957
duc the	92.0	1.0
luu viet	92.0	1.0
dieu thu	92.0	1.0
thang truong	92.0	1.0
nam viet	92.0	1.0
duc ly	92.0	1.0
kieu ngo	92.0	1.0
huynh son	92.0	1.0
kiet tran	92.0	1.0
kim thai	91.0	1.0
kieu truong	91.0	1.0
son tuan	91.0	1.0
ba trinh	91.0	1.0
dao yen	91.0	1.0
dinh sang	91.0	1.0
duong thien	91.0	1.0
doan tan	91.0	1.0
lai thu	91.0	0.9891304347826086
ba duc	90.0	1.0
ba tuan	90.0	1.0
bao duc	90.0	1.0
bao ly	90.0	1.0
lam thao	90.0	1.0
quan truong	90.0	1.0
nam son	90.0	0.989010989010989
kiem van	90.0	1.0
tao van	90.0	1.0
dieu xuan	90.0	1.0
dao hoa	90.0	1.0
chien vu	90.0	1.0
do luong	90.0	1.0
duc trieu	90.0	1.0
tri vo	90.0	0.989010989010989
dinh khai	89.0	1.0
dieu hong	89.0	1.0
chau dang	89.0	1.0
dang doan	89.0	1.0
duong ngan	89.0	1.0
mai ngan	89.0	1.0
loan mai	89.0	1.0
nu tran	89.0	1.0
thu vuong	89.0	1.0
kim lam	89.0	0.9888888888888889
ho phan	89.0	1.0
linh vuong	89.0	0.9888888888888889
doan ngo	89.0	1.0
ha hoa	89.0	0.9888888888888889
tam truong	89.0	1.0
tai vu	89.0	1.0
ho thai	89.0	0.9888888888888889
hai ta	88.0	1.0
long tien	88.0	1.0
toi van	88.0	1.0
dai dinh	88.0	1.0
hong tien	88.0	1.0
gia lam	88.0	1.0
hang ngo	88.0	0.9887640449438202
long the	88.0	1.0
thai thu	88.0	1.0
danh van	88.0	1.0
phat van	88.0	1.0
si van	88.0	1.0
thin van	88.0	1.0
dien le	88.0	1.0
lam tien	88.0	1.0
chau do	88.0	1.0
doan thien	88.0	1.0
doan thang	88.0	1.0
bui huynh	88.0	1.0
loan vu	88.0	1.0
duc nong	88.0	1.0
chung duc	87.0	1.0
ha the	87.0	1.0
bao mai	87.0	1.0
kim xuyen	87.0	1.0
tra vu	87.0	1.0
dao thai	87.0	1.0
do doan	87.0	1.0
doan tung	87.0	1.0
cao duong	87.0	1.0
luu thao	87.0	1.0
diem vo	87.0	1.0
dam thu	86.0	1.0
tien trong	86.0	1.0
le que	86.0	1.0
hao vu	86.0	0.9885057471264368
thien xuan	86.0	1.0
dinh tuyet	86.0	1.0
chi luong	86.0	1.0
duc tong	86.0	1.0
suong tran	86.0	0.9885057471264368
hung luu	86.0	1.0
luong tu	86.0	1.0
hong to	86.0	1.0
luong thien	85.0	1.0
cao chi	85.0	0.9883720930232558
duc hau	85.0	1.0
kieu loan	85.0	1.0
hien the	85.0	1.0
dao hang	85.0	1.0
ho tuyet	85.0	1.0
cao thao	85.0	1.0
doan lam	85.0	1.0
doan huynh	85.0	1.0
duong vy	85.0	1.0
truong tuyet	85.0	1.0
phan tai	85.0	1.0
bui tuong	85.0	1.0
le nu	85.0	1.0
hao my	84.0	1.0
dong tien	84.0	1.0
dinh luan	84.0	1.0
mai trong	84.0	1.0
thang trong	84.0	1.0
mai vy	84.0	1.0
hien trinh	84.0	1.0
duong luong	84.0	1.0
huynh lan	84.0	1.0
kim ta	84.0	1.0
doan lan	84.0	1.0
trinh tung	84.0	1.0
ly ngo	84.0	1.0
cong ly	83.0	1.0
chung dinh	83.0	1.0
chien duc	83.0	1.0
ho trinh	83.0	1.0
kim linh	83.0	1.0
my yen	83.0	1.0
bui tri	83.0	1.0
chi dao	83.0	1.0
ba truong	83.0	1.0
dinh khang	83.0	1.0
ngo vy	83.0	0.9880952380952381
phan quan	83.0	1.0
tram vu	83.0	1.0
duc to	83.0	1.0
thai thao	83.0	1.0
le man	83.0	1.0
ho vy	83.0	0.9880952380952381
ngo quan	83.0	0.9880952380952381
ha tung	83.0	1.0
khuat van	83.0	1.0
dinh thong	82.0	1.0
long thang	82.0	1.0
chi yen	82.0	0.9879518072289156
dang dong	82.0	1.0
tien tung	82.0	0.9879518072289156
huan tran	82.0	1.0
gia vo	82.0	1.0
lan van	82.0	1.0
do gia	82.0	1.0
huynh the	82.0	1.0
bao cao	82.0	1.0
bui diem	82.0	1.0
cao kim	82.0	1.0
cao mai	82.0	1.0
chau truong	82.0	1.0
ly vo	82.0	1.0
dang gia	81.0	1.0
do dong	81.0	0.9878048780487805
an hai	81.0	1.0
le thoa	81.0	1.0
lam tu	81.0	0.9878048780487805
duong hang	81.0	1.0
ngo tam	81.0	1.0
vinh vo	81.0	1.0
thu trieu	81.0	1.0
ta viet	81.0	1.0
luu mai	81.0	1.0
dieu dinh	80.0	1.0
dang luong	80.0	1.0
dinh tho	80.0	1.0
cam ho	80.0	1.0
huynh vi	80.0	1.0
gam hong	80.0	1.0
chuc van	80.0	1.0
dinh dinh	80.0	1.0
duong tam	80.0	1.0
dieu truong	80.0	1.0
mai thien	80.0	1.0
do thuan	80.0	1.0
huynh nam	80.0	1.0
huynh thuan	80.0	1.0
le thy	80.0	0.9876543209876543
my thai	80.0	1.0
ha ta	80.0	1.0
ngo toan	80.0	1.0
dac ho	79.0	1.0
dai xuan	79.0	1.0
dam duc	79.0	1.0
dinh tai	79.0	1.0
hai my	79.0	1.0
an mai	79.0	1.0
nga vo	79.0	1.0
dao tu	79.0	1.0
tien vuong	79.0	1.0
ba thai	79.0	1.0
cao do	79.0	1.0
vi yen	79.0	1.0
duong tuyet	79.0	1.0
duong tri	79.0	1.0
linh tong	79.0	1.0
ta tien	79.0	1.0
phan vi	79.0	1.0
bui sang	79.0	1.0
bui loan	79.0	1.0
cam dang	78.0	1.0
kim xuan	78.0	1.0
duong luu	78.0	1.0
chau hai	78.0	1.0
lien van	78.0	0.9873417721518988
nga van	78.0	1.0
dao thang	78.0	0.9873417721518988
thai tuan	78.0	1.0
tho truong	78.0	1.0
chien do	78.0	1.0
cam do	78.0	1.0
ho thang	78.0	1.0
bui dai	78.0	1.0
la thu	78.0	1.0
to trinh	77.0	1.0
dang vuong	77.0	1.0
hong vy	77.0	1.0
luan vu	77.0	1.0
bao luong	77.0	1.0
my xuan	77.0	0.9871794871794872
tai the	77.0	1.0
kieu tien	77.0	1.0
liem van	77.0	1.0
qui van	77.0	1.0
tuong vu	77.0	1.0
lan vy	77.0	1.0
ha vinh	77.0	1.0
cao ky	77.0	1.0
dinh to	77.0	1.0
cao long	77.0	1.0
an doan	77.0	1.0
lam linh	77.0	1.0
quach thu	77.0	1.0
bui chau	77.0	1.0
bui thuan	77.0	1.0
sam van	76.0	1.0
dang dieu	76.0	1.0
dong duong	76.0	1.0
duong trieu	76.0	1.0
kieu xuan	76.0	1.0
hang mai	76.0	1.0
gia hung	76.0	1.0
huan le	76.0	1.0
do tri	76.0	1.0
do hue	76.0	1.0
thang trinh	76.0	1.0
dong phan	76.0	1.0
luong yen	76.0	1.0
bui hau	76.0	1.0
chu xuan	76.0	1.0
cong mai	76.0	1.0
lien vu	76.0	1.0
dinh tri	75.0	1.0
hong vi	75.0	1.0
nam thai	75.0	0.9868421052631579
truong vi	75.0	1.0
thach tran	75.0	1.0
duan van	75.0	1.0
lien mai	75.0	1.0
cong viet	75.0	1.0
chau dinh	75.0	1.0
cong thai	75.0	1.0
doan tam	75.0	1.0
dinh hue	75.0	1.0
hai trong	75.0	1.0
cao nam	75.0	1.0
hoa luong	75.0	1.0
ly xuan	75.0	1.0
man tran	75.0	1.0
trinh vinh	75.0	1.0
vi vu	75.0	0.9868421052631579
sang truong	75.0	1.0
phan vo	75.0	1.0
bach vu	75.0	1.0
bui hao	75.0	1.0
le thach	75.0	1.0
tham tran	75.0	1.0
ho kieu	75.0	1.0
hong thang	74.0	1.0
dang hao	74.0	1.0
nga to	74.0	1.0
trong vinh	74.0	1.0
lieu van	74.0	0.9866666666666667
ai linh	74.0	1.0
dinh vy	74.0	1.0
hue huynh	74.0	1.0
do tuong	74.0	1.0
vi vo	74.0	1.0
long mai	74.0	1.0
bui tram	74.0	1.0
my ta	74.0	1.0
thang tien	73.0	1.0
chi thao	73.0	1.0
hai hung	73.0	1.0
hao huynh	73.0	1.0
huynh tuong	73.0	1.0
kieu nga	73.0	1.0
hung ly	73.0	1.0
thiet van	73.0	1.0
hao xuan	73.0	1.0
danh do	73.0	1.0
cam thu	73.0	1.0
cong tu	73.0	1.0
hong vuong	73.0	1.0
do vi	73.0	1.0
chau ho	73.0	1.0
luu my	73.0	1.0
bui dong	73.0	1.0
ha tan	73.0	1.0
chung vu	73.0	1.0
the trinh	73.0	1.0
chien dang	72.0	1.0
cao tri	72.0	1.0
diem hang	72.0	1.0
my ngan	72.0	1.0
phat tien	72.0	1.0
bon van	72.0	1.0
to vu	72.0	1.0
bao vuong	72.0	1.0
kien xuan	72.0	1.0
ba long	72.0	1.0
dao tan	72.0	1.0
dao huynh	72.0	1.0
duc kieu	72.0	1.0
luong vinh	72.0	1.0
kien ngo	72.0	1.0
huynh khang	72.0	1.0
dieu vo	72.0	1.0
ly trinh	72.0	1.0
ba bui	72.0	1.0
bui luong	72.0	1.0
dieu ngo	72.0	1.0
kieu ly	71.0	1.0
dam le	71.0	1.0
gia luong	71.0	1.0
luong nam	71.0	1.0
tham van	71.0	1.0
ba tung	71.0	1.0
dao lam	71.0	1.0
dac le	71.0	0.9861111111111112
phan thuan	71.0	1.0
dong thu	71.0	1.0
huynh tri	71.0	1.0
huynh tai	71.0	0.9861111111111112
luong truong	71.0	1.0
hue phan	71.0	1.0
huynh phat	71.0	1.0
bui tai	71.0	1.0
bui chung	71.0	1.0
cam truong	71.0	1.0
hang truong	71.0	1.0
vo vu	71.0	1.0
hue truong	71.0	1.0
ho vinh	71.0	1.0
hau vu	71.0	1.0
dai do	70.0	1.0
bui chien	70.0	1.0
hue linh	70.0	1.0
ngan trinh	70.0	1.0
long thien	70.0	1.0
bach viet	70.0	1.0
bao viet	70.0	1.0
thai vinh	70.0	1.0
cong vinh	70.0	1.0
sang tan	70.0	1.0
hien vinh	70.0	1.0
tai trong	70.0	1.0
dinh nga	70.0	1.0
truong tung	70.0	1.0
bui tra	70.0	1.0
luong thai	70.0	1.0
mai ta	70.0	1.0
kim to	70.0	1.0
mai nam	70.0	1.0
dang tuong	69.0	1.0
dang diem	69.0	1.0
do tra	69.0	0.9857142857142858
duong nga	69.0	1.0
huynh nga	69.0	1.0
hien my	69.0	1.0
ly thien	69.0	1.0
ly yen	69.0	1.0
sy tien	69.0	1.0
han vo	69.0	1.0
cam duong	69.0	1.0
gia long	69.0	1.0
dao phan	69.0	1.0
hong tam	69.0	1.0
diem truong	69.0	1.0
gia ho	69.0	1.0
luong tam	69.0	1.0
thoi van	69.0	1.0
do tram	69.0	1.0
doan quan	69.0	1.0
doan vo	69.0	1.0
chuong le	69.0	1.0
kien phan	69.0	1.0
phan tri	69.0	1.0
bui diep	69.0	1.0
bui cam	69.0	1.0
duc loi	68.0	1.0
kiet le	68.0	1.0
dang thuan	68.0	1.0
kim lan	68.0	1.0
kieu ngan	68.0	1.0
ly vinh	68.0	0.9855072463768116
mai sao	68.0	1.0
xuan yen	68.0	1.0
bo van	68.0	1.0
chieu van	68.0	1.0
dao ly	68.0	1.0
to xuan	68.0	1.0
dau duc	68.0	1.0
cao the	68.0	1.0
luu truong	68.0	1.0
du le	68.0	1.0
be tran	68.0	1.0
van xa	68.0	1.0
luong tung	68.0	0.9855072463768116
thoa tran	68.0	1.0
lieu tran	68.0	1.0
hong nong	68.0	1.0
ngo sy	68.0	1.0
viet vuong	67.0	1.0
ba hai	67.0	1.0
dang luu	67.0	1.0
dinh trieu	67.0	1.0
lam thai	67.0	1.0
tu viet	67.0	1.0
dao thien	67.0	1.0
dao nga	67.0	1.0
dinh sy	67.0	1.0
tan tien	67.0	0.9852941176470589
trong tu	67.0	1.0
do lien	67.0	1.0
mai to	67.0	1.0
huynh quan	67.0	1.0
chu mai	67.0	1.0
diem ngo	67.0	1.0
dai duc	66.0	1.0
dang diep	66.0	1.0
cao vinh	66.0	1.0
diep dinh	66.0	1.0
an khang	66.0	1.0
chi thien	66.0	1.0
tin trong	66.0	1.0
bao luu	66.0	1.0
dai trong	66.0	1.0
tan viet	66.0	1.0
sang vu	66.0	1.0
mong tran	66.0	1.0
cao lam	66.0	1.0
thuan vo	66.0	1.0
duong quan	66.0	1.0
phan sy	66.0	1.0
bac tran	66.0	1.0
bui vuong	66.0	1.0
thu to	66.0	1.0
chi trinh	66.0	1.0
ba ngo	66.0	1.0
dang tai	65.0	1.0
cong the	65.0	1.0
cong toan	65.0	1.0
hung vinh	65.0	1.0
phan tra	65.0	0.9848484848484849
chau thai	65.0	1.0
que van	65.0	1.0
quan viet	65.0	1.0
dao trinh	65.0	1.0
ba linh	65.0	1.0
bui dao	65.0	1.0
hung sy	65.0	1.0
do hao	65.0	1.0
doan vinh	65.0	1.0
mai tan	65.0	1.0
dong ngo	65.0	1.0
luu son	65.0	1.0
cam vu	65.0	1.0
cong luu	65.0	1.0
huynh thang	65.0	1.0
bui tho	65.0	0.9848484848484849
cao yen	65.0	1.0
chu thao	65.0	1.0
tam trinh	65.0	1.0
ha thang	65.0	1.0
hang trinh	65.0	1.0
thang vo	65.0	1.0
hue ngo	65.0	1.0
tien vinh	64.0	1.0
trong viet	64.0	1.0
ba son	64.0	1.0
dang tra	64.0	1.0
ho tram	64.0	1.0
dao the	64.0	1.0
luong trong	64.0	0.9846153846153847
ly tuan	64.0	1.0
hang van	64.0	1.0
doan ngan	64.0	1.0
cao tu	64.0	1.0
han vu	64.0	1.0
doan hang	64.0	1.0
thien trinh	64.0	1.0
gia ly	64.0	1.0
le mong	64.0	1.0
le tin	64.0	0.9846153846153847
chau ngo	64.0	1.0
an trinh	64.0	1.0
khai phan	64.0	1.0
bui vi	64.0	1.0
hien ta	64.0	1.0
luong tan	64.0	1.0
ai my	63.0	1.0
bach dang	63.0	1.0
dang tho	63.0	1.0
bao vy	63.0	1.0
dang sang	63.0	1.0
huynh lien	63.0	1.0
kiet van	63.0	1.0
mao van	63.0	1.0
toan vo	63.0	1.0
dinh huan	63.0	1.0
toan truong	63.0	1.0
lam tan	63.0	1.0
le si	63.0	1.0
loan phan	63.0	1.0
cao hoa	63.0	1.0
cuc le	63.0	1.0
ha to	63.0	1.0
lam yen	63.0	1.0
dac tran	63.0	1.0
tho vu	63.0	1.0
cong nam	62.0	1.0
bao dao	62.0	1.0
diem van	62.0	1.0
luc tien	62.0	1.0
trieu vy	62.0	1.0
toan trinh	62.0	1.0
an tuan	62.0	1.0
tra van	62.0	1.0
dao quan	62.0	1.0
dieu huynh	62.0	1.0
lan tuyet	62.0	1.0
ha trieu	62.0	1.0
truong vuong	62.0	1.0
van vang	62.0	1.0
do tai	62.0	0.9841269841269841
cao hien	62.0	1.0
bac le	62.0	1.0
le suong	62.0	1.0
ta thao	62.0	1.0
mai tung	62.0	1.0
tai truong	62.0	1.0
the viet	61.0	1.0
dan vu	61.0	1.0
ba nam	61.0	1.0
cong hai	61.0	1.0
lam the	61.0	1.0
thang the	61.0	1.0
doan kieu	61.0	1.0
son tien	61.0	1.0
toan viet	61.0	1.0
tien tuan	61.0	1.0
ai van	61.0	1.0
do loan	61.0	1.0
lien my	61.0	1.0
hoa ly	61.0	0.9838709677419355
cao huynh	61.0	1.0
hong la	61.0	1.0
khai vu	61.0	1.0
dai truong	60.0	1.0
dinh loi	60.0	1.0
the tuan	60.0	1.0
chi vuong	60.0	1.0
mi tra	60.0	1.0
linh trieu	60.0	1.0
tai vo	60.0	1.0
duc huan	60.0	1.0
diep do	60.0	1.0
lan my	60.0	1.0
dinh hau	60.0	1.0
ho nga	60.0	1.0
qui tran	60.0	1.0
sang vo	60.0	1.0
tien trieu	60.0	1.0
bui lien	60.0	1.0
ngo tram	60.0	1.0
lai xuan	60.0	1.0
ai huynh	60.0	1.0
tan trinh	60.0	1.0
quan trinh	60.0	1.0
huynh tho	60.0	0.9836065573770492
cam ngo	60.0	1.0
thuan truong	59.0	1.0
linh trong	59.0	1.0
dan dinh	59.0	1.0
dang to	59.0	1.0
hong vinh	59.0	1.0
dao ngan	59.0	1.0
cao trong	59.0	1.0
dieu hang	59.0	1.0
lam vy	59.0	1.0
diem vu	59.0	1.0
chau tuan	59.0	1.0
an my	59.0	1.0
gia trinh	59.0	1.0
ly na	59.0	1.0
tuan vinh	59.0	1.0
tung vo	59.0	0.9833333333333333
lan to	59.0	1.0
to tuan	59.0	1.0
cao tung	59.0	1.0
ly thai	59.0	1.0
chu duong	59.0	1.0
bui phan	59.0	1.0
liem tran	59.0	1.0
lai le	59.0	1.0
hao truong	59.0	1.0
duc la	59.0	1.0
da thao	58.0	1.0
dam linh	58.0	1.0
han phan	58.0	1.0
chi duc	58.0	1.0
ai vy	58.0	1.0
hong ngat	58.0	1.0
mai thy	58.0	1.0
hoa tuyet	58.0	1.0
quan trong	58.0	1.0
mau van	58.0	1.0
dao toan	58.0	1.0
dinh tuong	58.0	1.0
cong vuong	58.0	1.0
han truong	58.0	1.0
cao lan	58.0	1.0
dong mai	58.0	1.0
chau doan	58.0	1.0
trieu tuan	58.0	1.0
duong hao	58.0	0.9830508474576272
ca van	58.0	1.0
hao phan	58.0	1.0
dai phan	58.0	1.0
mai thang	58.0	1.0
ho vo	58.0	1.0
bao toan	57.0	1.0
dang hau	57.0	1.0
chu long	57.0	1.0
cong hoa	57.0	1.0
duong vuong	57.0	0.9827586206896551
ha hang	57.0	1.0
hai thu	57.0	1.0
bao hong	57.0	1.0
lam tuong	57.0	1.0
lien phan	57.0	1.0
nham van	57.0	1.0
bang vu	57.0	1.0
bach dinh	57.0	1.0
dong hung	57.0	1.0
phan sang	57.0	1.0
dieu hoa	57.0	1.0
ngan thai	57.0	1.0
lai the	57.0	1.0
bac xuan	57.0	1.0
do hau	57.0	1.0
lam thien	57.0	0.9827586206896551
bach tuyet	57.0	1.0
doan tuyet	57.0	1.0
duong vi	57.0	1.0
mai vi	57.0	1.0
chau trinh	57.0	1.0
ha hue	57.0	1.0
tri truong	57.0	1.0
bien tran	57.0	1.0
luu yen	57.0	1.0
ba cao	57.0	1.0
hai vuong	57.0	0.9827586206896551
dam tuan	56.0	1.0
dang tri	56.0	1.0
ba quan	56.0	1.0
chu son	56.0	1.0
dang vi	56.0	1.0
bao the	56.0	1.0
mi tran	56.0	1.0
dien xuan	56.0	1.0
dao do	56.0	1.0
kim tuan	56.0	1.0
nga viet	56.0	1.0
trieu xuan	56.0	1.0
dieu ho	56.0	1.0
dinh luc	56.0	1.0
sy truong	56.0	1.0
do vuong	56.0	1.0
dong viet	56.0	1.0
duong toan	56.0	1.0
mai quan	56.0	1.0
duong hue	56.0	1.0
ngo phan	56.0	1.0
tieu tran	56.0	1.0
dang ta	56.0	1.0
lai linh	56.0	1.0
long luong	56.0	1.0
chi kien	55.0	0.9821428571428571
bang cong	55.0	1.0
chi hue	55.0	1.0
cong thuan	55.0	1.0
cong tri	55.0	1.0
cong xuan	55.0	1.0
sy tuan	55.0	1.0
my nga	55.0	1.0
duc khai	55.0	1.0
ba vuong	55.0	1.0
cong tan	55.0	1.0
kim tu	55.0	1.0
linh tung	55.0	1.0
dieu doan	55.0	1.0
cao tan	55.0	1.0
ha tam	55.0	1.0
le qui	55.0	1.0
the tung	55.0	1.0
thai trong	55.0	0.9821428571428571
hoa luu	55.0	1.0
khang vu	55.0	1.0
luu nam	55.0	1.0
ta vo	55.0	1.0
cuc tran	55.0	1.0
chau duong	54.0	1.0
duong thuan	54.0	1.0
quan tien	54.0	1.0
dai dang	54.0	1.0
dang khang	54.0	1.0
ba tien	54.0	1.0
bang tam	54.0	1.0
dang hue	54.0	1.0
cong luan	54.0	1.0
doan ly	54.0	1.0
my tu	54.0	1.0
truong truong	54.0	1.0
khai tuan	54.0	1.0
tai tuan	54.0	1.0
hoat van	54.0	1.0
tue van	54.0	1.0
tho xuan	54.0	1.0
dinh han	54.0	1.0
chien cong	54.0	1.0
hung kieu	54.0	1.0
thiem van	54.0	1.0
bui do	54.0	1.0
trieu vu	54.0	1.0
doan gia	54.0	1.0
hong kieu	54.0	1.0
khang vo	54.0	1.0
kieu thao	54.0	1.0
linh quach	54.0	1.0
ho quan	54.0	1.0
quan vo	54.0	1.0
bang bui	54.0	1.0
ta vu	54.0	1.0
lai tran	54.0	1.0
nga truong	54.0	1.0
luong trinh	54.0	1.0
ngo vi	54.0	1.0
hau vo	54.0	1.0
lan luong	54.0	1.0
kim vuong	53.0	1.0
dan dang	53.0	1.0
chung dang	53.0	1.0
hung nam	53.0	1.0
hung vi	53.0	1.0
nga thien	53.0	1.0
hung to	53.0	1.0
trinh trong	53.0	1.0
tieu van	53.0	0.9814814814814815
bui danh	53.0	1.0
ba thang	53.0	1.0
dao tam	53.0	1.0
tan thien	53.0	1.0
tran vien	53.0	0.9814814814814815
mong van	53.0	1.0
cam dinh	53.0	1.0
an cao	53.0	1.0
duc hao	53.0	1.0
do khai	53.0	1.0
chau linh	53.0	1.0
gia van	53.0	1.0
doan vy	53.0	1.0
dong huynh	53.0	1.0
duong ta	53.0	1.0
ngo tai	53.0	1.0
hong trieu	53.0	1.0
huynh luong	53.0	1.0
hop tran	53.0	1.0
ha quan	53.0	0.9814814814814815
ba vo	53.0	1.0
hai to	53.0	1.0
hang luong	53.0	1.0
chuong tran	53.0	1.0
duc than	52.0	1.0
ho toan	52.0	1.0
dam xuan	52.0	1.0
hai the	52.0	1.0
chi my	52.0	1.0
dan truong	52.0	1.0
cong tam	52.0	1.0
dang trieu	52.0	1.0
duc sang	52.0	1.0
bang hai	52.0	0.9811320754716981
kim nga	52.0	1.0
cao thai	52.0	1.0
doi van	52.0	1.0
em van	52.0	1.0
ba dao	52.0	1.0
dao vinh	52.0	1.0
luong ngan	52.0	1.0
ba thu	52.0	1.0
chanh van	52.0	1.0
quan xuan	52.0	1.0
luu vinh	52.0	1.0
long luu	52.0	1.0
thien tu	52.0	1.0
khong van	52.0	1.0
ky vu	52.0	1.0
le lieu	52.0	1.0
to truong	52.0	1.0
loi phan	52.0	1.0
bui sy	52.0	1.0
thong vu	52.0	1.0
cao trinh	52.0	1.0
bui khai	52.0	1.0
an luong	52.0	1.0
lanh tran	52.0	1.0
cao ngan	52.0	1.0
chu the	52.0	1.0
ta thang	52.0	1.0
hai la	52.0	1.0
luu tung	52.0	1.0
ngo tuong	52.0	1.0
dam hong	51.0	0.9807692307692307
pho van	51.0	1.0
dang danh	51.0	1.0
dinh tram	51.0	1.0
bao kim	51.0	1.0
han mai	51.0	0.9807692307692307
hoc thai	51.0	1.0
mai tam	51.0	1.0
co van	51.0	1.0
bao xuan	51.0	0.9807692307692307
dao ngo	51.0	1.0
luong phan	51.0	1.0
trieu truong	51.0	1.0
diem dinh	51.0	1.0
dieu duong	51.0	1.0
huynh loan	51.0	1.0
hong ky	51.0	1.0
son trong	51.0	1.0
bach do	51.0	1.0
diem do	51.0	1.0
bach mai	51.0	1.0
doan nga	51.0	1.0
duc sy	51.0	1.0
dong truong	51.0	1.0
duc kim	51.0	1.0
duong kien	51.0	1.0
thao vuong	51.0	1.0
tram truong	51.0	1.0
ho hue	51.0	1.0
bui cao	51.0	1.0
le tat	51.0	1.0
cong ta	51.0	1.0
luong toan	51.0	1.0
tong tran	51.0	1.0
tran xuyen	51.0	1.0
loan vo	51.0	1.0
diep ho	50.0	1.0
hien trong	50.0	1.0
nam trong	50.0	1.0
don van	50.0	1.0
dang han	50.0	1.0
dang khai	50.0	1.0
do khang	50.0	1.0
gia tuan	50.0	1.0
mai vinh	50.0	1.0
kieu kim	50.0	1.0
ly ly	50.0	0.9803921568627451
cat tran	50.0	1.0
cau van	50.0	1.0
phat vo	50.0	1.0
my tam	50.0	1.0
luu trong	50.0	1.0
dong vo	50.0	1.0
dieu trinh	50.0	1.0
ba lam	50.0	0.9803921568627451
ba vinh	50.0	1.0
dinh du	50.0	1.0
my to	50.0	1.0
duc tang	50.0	1.0
hue mai	50.0	1.0
phat truong	50.0	1.0
trieu viet	50.0	1.0
duong tram	50.0	1.0
bach duc	50.0	1.0
kdam nie	50.0	1.0
tu vuong	50.0	1.0
hoi tran	50.0	1.0
hang huynh	50.0	1.0
